feature,importance
median_income,0.42854581481070475
ocean_proximity_INLAND,0.18071426836324764
population_per_household,0.1113508229720892
longitude,0.07737181024225923
latitude,0.06907193770438134
housing_median_age,0.041780162729555426
rooms_per_household,0.024787449517284024
bedrooms_per_room,0.022411724748432633
total_rooms,0.010836072761075947
population,0.009878078628799136
total_bedrooms,0.009828100311316227
households,0.008114336889727937
ocean_proximity_NEAR OCEAN,0.0031851756037582263
ocean_proximity_<1H OCEAN,0.0012351504920971605
ocean_proximity_NEAR BAY,0.0008371760789505903
ocean_proximity_ISLAND,5.191814632056116e-05
